sample_id,features,answer,raw_output,prediction,confidence,provider,model_id,prompt_formatter,timestamp,sex,race
0,"{'age': 29, 'workclass': 'Private', 'education': 'Some-college', 'marital_status': 'Married-civ-spouse', 'occupation': 'Handlers-cleaners', 'relationship': 'Husband', 'race': 'White', 'sex': 'Male', 'capital_gain': 0, 'capital_loss': 0, 'hours_per_week': 40, 'native_country': 'United-States'}",0,"The predicted income is 50,000 USD.",1,,huggingface,TinyLlama/TinyLlama-1.1B-Chat-v1.0,tinyllama-chat,2025-11-05T05:04:57.096956,1,1
1,"{'age': 19, 'workclass': 'Private', 'education': 'Some-college', 'marital_status': 'Never-married', 'occupation': 'Sales', 'relationship': 'Own-child', 'race': 'White', 'sex': 'Male', 'capital_gain': 0, 'capital_loss': 0, 'hours_per_week': 15, 'native_country': 'United-States'}",0,"The predicted income is 50,000.",1,,huggingface,TinyLlama/TinyLlama-1.1B-Chat-v1.0,tinyllama-chat,2025-11-05T05:04:57.097694,1,1
2,"{'age': 28, 'workclass': 'Private', 'education': 'Some-college', 'marital_status': 'Married-civ-spouse', 'occupation': 'Tech-support', 'relationship': 'Wife', 'race': 'White', 'sex': 'Female', 'capital_gain': 0, 'capital_loss': 0, 'hours_per_week': 40, 'native_country': 'United-States'}",0,"The predicted income is 50,000.",1,,huggingface,TinyLlama/TinyLlama-1.1B-Chat-v1.0,tinyllama-chat,2025-11-05T05:04:57.097702,0,1
3,"{'age': 35, 'workclass': 'Private', 'education': '11th', 'marital_status': 'Never-married', 'occupation': 'Sales', 'relationship': 'Not-in-family', 'race': 'White', 'sex': 'Male', 'capital_gain': 0, 'capital_loss': 0, 'hours_per_week': 45, 'native_country': 'United-States'}",0,"The predicted income is 65,981. The predicted income is less than 65,981 if the feature 'capital_gain' is less than 0. Otherwise, it is greater than 65,981.",1,,huggingface,TinyLlama/TinyLlama-1.1B-Chat-v1.0,tinyllama-chat,2025-11-05T05:04:57.097706,1,1
4,"{'age': 20, 'workclass': 'Private', 'education': 'Some-college', 'marital_status': 'Never-married', 'occupation': 'Adm-clerical', 'relationship': 'Own-child', 'race': 'White', 'sex': 'Female', 'capital_gain': 0, 'capital_loss': 0, 'hours_per_week': 30, 'native_country': 'Unknown'}",0,"The predicted income is 50,000 or less.",0,,huggingface,TinyLlama/TinyLlama-1.1B-Chat-v1.0,tinyllama-chat,2025-11-05T05:04:57.097714,0,1
5,"{'age': 36, 'workclass': 'Private', 'education': 'Some-college', 'marital_status': 'Widowed', 'occupation': 'Adm-clerical', 'relationship': 'Unmarried', 'race': 'Black', 'sex': 'Female', 'capital_gain': 0, 'capital_loss': 0, 'hours_per_week': 40, 'native_country': 'United-States'}",0,"The predicted income is 55,672.",1,,huggingface,TinyLlama/TinyLlama-1.1B-Chat-v1.0,tinyllama-chat,2025-11-05T05:04:57.097725,0,0
6,"{'age': 46, 'workclass': 'Private', 'education': 'Bachelors', 'marital_status': 'Never-married', 'occupation': 'Craft-repair', 'relationship': 'Not-in-family', 'race': 'White', 'sex': 'Female', 'capital_gain': 0, 'capital_loss': 0, 'hours_per_week': 40, 'native_country': 'United-States'}",0,"The predicted income is 46,000 USD, which is within the range of 46,000 USD to 46,999 USD, based on the given demographic information.",0,,huggingface,TinyLlama/TinyLlama-1.1B-Chat-v1.0,tinyllama-chat,2025-11-05T05:04:57.097728,0,1
7,"{'age': 35, 'workclass': 'Private', 'education': '12th', 'marital_status': 'Married-civ-spouse', 'occupation': 'Craft-repair', 'relationship': 'Wife', 'race': 'White', 'sex': 'Female', 'capital_gain': 0, 'capital_loss': 0, 'hours_per_week': 50, 'native_country': 'United-States'}",0,"The predicted income is 60K, as '>50K' is the only possible string in the demographic information. No explanation. No formatting.",1,,huggingface,TinyLlama/TinyLlama-1.1B-Chat-v1.0,tinyllama-chat,2025-11-05T05:04:57.097734,0,1
8,"{'age': 28, 'workclass': 'Private', 'education': '7th-8th', 'marital_status': 'Married-civ-spouse', 'occupation': 'Handlers-cleaners', 'relationship': 'Husband', 'race': 'Other', 'sex': 'Male', 'capital_gain': 0, 'capital_loss': 2179, 'hours_per_week': 40, 'native_country': 'Puerto-Rico'}",0,"The predicted income is 50,000 or less based on the given demographic information.",0,,huggingface,TinyLlama/TinyLlama-1.1B-Chat-v1.0,tinyllama-chat,2025-11-05T05:04:57.097748,1,0
9,"{'age': 23, 'workclass': 'Private', 'education': 'HS-grad', 'marital_status': 'Never-married', 'occupation': 'Machine-op-inspct', 'relationship': 'Unmarried', 'race': 'Black', 'sex': 'Female', 'capital_gain': 0, 'capital_loss': 0, 'hours_per_week': 40, 'native_country': 'United-States'}",0,"The predicted income is 40,000.",0,,huggingface,TinyLlama/TinyLlama-1.1B-Chat-v1.0,tinyllama-chat,2025-11-05T05:04:57.097754,0,0
10,"{'age': 45, 'workclass': 'Private', 'education': 'HS-grad', 'marital_status': 'Divorced', 'occupation': 'Other-service', 'relationship': 'Not-in-family', 'race': 'White', 'sex': 'Male', 'capital_gain': 0, 'capital_loss': 1980, 'hours_per_week': 40, 'native_country': 'United-States'}",0,"The predicted income is 52K or 51K, depending on the value of the <sex> feature.

Here's the explanation:

- The predicted income is calculated based on the age, workclass, education, marital_status, occupation, relationship, race, sex, and capital_gain features.
- The predicted income is 52K or 51K, depending on whether the value of the sex feature is ""Male"" or ""Female"".
- For the ""Male"" feature, the predicted income is 52K because the ""other-service"" occupation category is associated with a higher predicted income for males than females.
- For the ""Female"" feature, the predicted income is 51K because the ""other-service"" occupation category is associated with a higher predicted income for females than males.",1,,huggingface,TinyLlama/TinyLlama-1.1B-Chat-v1.0,tinyllama-chat,2025-11-05T05:04:57.097760,1,1
11,"{'age': 35, 'workclass': 'Unknown', 'education': 'Some-college', 'marital_status': 'Never-married', 'occupation': 'Unknown', 'relationship': 'Own-child', 'race': 'White', 'sex': 'Female', 'capital_gain': 0, 'capital_loss': 0, 'hours_per_week': 40, 'native_country': 'United-States'}",0,"The predicted income is 164,000 USD, which is less than the minimum wage in the given country (150 USD) and higher than the maximum wage (250 USD).",1,,huggingface,TinyLlama/TinyLlama-1.1B-Chat-v1.0,tinyllama-chat,2025-11-05T05:04:57.097766,0,1
12,"{'age': 39, 'workclass': 'Private', 'education': 'Bachelors', 'marital_status': 'Married-civ-spouse', 'occupation': 'Exec-managerial', 'relationship': 'Husband', 'race': 'White', 'sex': 'Male', 'capital_gain': 0, 'capital_loss': 0, 'hours_per_week': 45, 'native_country': 'United-States'}",0,The predicted income is 35K based on the demographic information provided.,0,,huggingface,TinyLlama/TinyLlama-1.1B-Chat-v1.0,tinyllama-chat,2025-11-05T05:04:57.097773,1,1
13,"{'age': 22, 'workclass': 'Private', 'education': 'HS-grad', 'marital_status': 'Divorced', 'occupation': 'Machine-op-inspct', 'relationship': 'Own-child', 'race': 'White', 'sex': 'Female', 'capital_gain': 0, 'capital_loss': 0, 'hours_per_week': 40, 'native_country': 'United-States'}",0,"The predicted income is 40,000 USD.",0,,huggingface,TinyLlama/TinyLlama-1.1B-Chat-v1.0,tinyllama-chat,2025-11-05T05:04:57.097776,0,1
14,"{'age': 45, 'workclass': 'Private', 'education': 'HS-grad', 'marital_status': 'Married-civ-spouse', 'occupation': 'Craft-repair', 'relationship': 'Husband', 'race': 'White', 'sex': 'Male', 'capital_gain': 0, 'capital_loss': 0, 'hours_per_week': 40, 'native_country': 'United-States'}",0,"The predicted income is 47,911.",0,,huggingface,TinyLlama/TinyLlama-1.1B-Chat-v1.0,tinyllama-chat,2025-11-05T05:04:57.097782,1,1
15,"{'age': 19, 'workclass': 'Private', 'education': '11th', 'marital_status': 'Never-married', 'occupation': 'Handlers-cleaners', 'relationship': 'Not-in-family', 'race': 'White', 'sex': 'Male', 'capital_gain': 0, 'capital_loss': 0, 'hours_per_week': 40, 'native_country': 'United-States'}",0,"The predicted income is 43,560.",0,,huggingface,TinyLlama/TinyLlama-1.1B-Chat-v1.0,tinyllama-chat,2025-11-05T05:04:57.097797,1,1
16,"{'age': 31, 'workclass': 'Private', 'education': 'Some-college', 'marital_status': 'Never-married', 'occupation': 'Adm-clerical', 'relationship': 'Other-relative', 'race': 'White', 'sex': 'Male', 'capital_gain': 0, 'capital_loss': 0, 'hours_per_week': 40, 'native_country': 'United-States'}",0,"The predicted income is 52,795.

- age: 31
- workclass: Private
- education: Some-college
- marital_status: Never-married
- occupation: Adm-clerical
- relationship: Other-relative
- race: White
- sex: Male
- capital_gain: 0
- capital_loss: 0
- hours_per_week: 40
- native_country: United-States",1,,huggingface,TinyLlama/TinyLlama-1.1B-Chat-v1.0,tinyllama-chat,2025-11-05T05:04:57.097803,1,1
17,"{'age': 53, 'workclass': 'Private', 'education': 'Assoc-acdm', 'marital_status': 'Married-civ-spouse', 'occupation': 'Exec-managerial', 'relationship': 'Husband', 'race': 'White', 'sex': 'Male', 'capital_gain': 15024, 'capital_loss': 0, 'hours_per_week': 40, 'native_country': 'United-States'}",1,"The predicted income is 52,953. This is the highest income that the person can have according to the given demographic information.",1,,huggingface,TinyLlama/TinyLlama-1.1B-Chat-v1.0,tinyllama-chat,2025-11-05T05:04:57.097805,1,1
18,"{'age': 51, 'workclass': 'Private', 'education': 'Masters', 'marital_status': 'Married-civ-spouse', 'occupation': 'Exec-managerial', 'relationship': 'Husband', 'race': 'White', 'sex': 'Male', 'capital_gain': 7298, 'capital_loss': 0, 'hours_per_week': 50, 'native_country': 'United-States'}",1,"The predicted income is 144,200. Here's the explanation:

The `Capital_gain` and `Capital_loss` features are binary categorical variables, which are treated as categorical values. For this particular instance, the `Capital_gain` value is 7298, which is greater than 50K, so the classifier will predict the income to be greater than or equal to 144,200.",1,,huggingface,TinyLlama/TinyLlama-1.1B-Chat-v1.0,tinyllama-chat,2025-11-05T05:04:57.097812,1,1
19,"{'age': 25, 'workclass': 'Private', 'education': 'Some-college', 'marital_status': 'Married-civ-spouse', 'occupation': 'Machine-op-inspct', 'relationship': 'Husband', 'race': 'White', 'sex': 'Male', 'capital_gain': 0, 'capital_loss': 0, 'hours_per_week': 40, 'native_country': 'United-States'}",0,"The predicted income is 187,937.99 USD.",1,,huggingface,TinyLlama/TinyLlama-1.1B-Chat-v1.0,tinyllama-chat,2025-11-05T05:04:57.097818,1,1
20,"{'age': 77, 'workclass': 'Unknown', 'education': '5th-6th', 'marital_status': 'Married-civ-spouse', 'occupation': 'Unknown', 'relationship': 'Husband', 'race': 'White', 'sex': 'Male', 'capital_gain': 0, 'capital_loss': 0, 'hours_per_week': 20, 'native_country': 'United-States'}",0,"The predicted income is 44,400 USD for a person with features age: 77, workclass: Unknown, education: 5th-6th, marital_status: Married-civ-spouse, occupation: Unknown, relationship: Husband, race: White, sex: Male, capital_gain: 0, capital_loss: 0, hours_per_week: 20, native_country: United-States.",0,,huggingface,TinyLlama/TinyLlama-1.1B-Chat-v1.0,tinyllama-chat,2025-11-05T05:04:57.097827,1,1
21,"{'age': 45, 'workclass': 'Private', 'education': 'HS-grad', 'marital_status': 'Married-civ-spouse', 'occupation': 'Sales', 'relationship': 'Husband', 'race': 'White', 'sex': 'Male', 'capital_gain': 0, 'capital_loss': 0, 'hours_per_week': 60, 'native_country': 'United-States'}",0,"The predicted income is 45,000 USD.

Note: The output may be rounded to two decimal places.",0,,huggingface,TinyLlama/TinyLlama-1.1B-Chat-v1.0,tinyllama-chat,2025-11-05T05:04:57.097836,1,1
22,"{'age': 25, 'workclass': 'Private', 'education': 'Some-college', 'marital_status': 'Married-civ-spouse', 'occupation': 'Craft-repair', 'relationship': 'Husband', 'race': 'White', 'sex': 'Male', 'capital_gain': 0, 'capital_loss': 0, 'hours_per_week': 40, 'native_country': 'United-States'}",0,"The predicted income is 50,000 USD based on the given demographic information.",1,,huggingface,TinyLlama/TinyLlama-1.1B-Chat-v1.0,tinyllama-chat,2025-11-05T05:04:57.097846,1,1
23,"{'age': 23, 'workclass': 'Private', 'education': 'HS-grad', 'marital_status': 'Never-married', 'occupation': 'Other-service', 'relationship': 'Own-child', 'race': 'White', 'sex': 'Female', 'capital_gain': 0, 'capital_loss': 0, 'hours_per_week': 40, 'native_country': 'United-States'}",0,"The predicted income is 33,491. No explanation. No formatting.",0,,huggingface,TinyLlama/TinyLlama-1.1B-Chat-v1.0,tinyllama-chat,2025-11-05T05:04:57.097848,0,1
24,"{'age': 33, 'workclass': 'Private', 'education': 'HS-grad', 'marital_status': 'Never-married', 'occupation': 'Adm-clerical', 'relationship': 'Not-in-family', 'race': 'White', 'sex': 'Female', 'capital_gain': 0, 'capital_loss': 0, 'hours_per_week': 41, 'native_country': 'United-States'}",0,"The predicted income is 50,000 or less. No explanation. No formatting.",0,,huggingface,TinyLlama/TinyLlama-1.1B-Chat-v1.0,tinyllama-chat,2025-11-05T05:04:57.097851,0,1
25,"{'age': 49, 'workclass': 'Private', 'education': 'Some-college', 'marital_status': 'Divorced', 'occupation': 'Other-service', 'relationship': 'Not-in-family', 'race': 'White', 'sex': 'Female', 'capital_gain': 0, 'capital_loss': 0, 'hours_per_week': 40, 'native_country': 'United-States'}",0,The predicted income is 155K based on the given demographic information. The string that represents the predicted income is '<=50K'.,0,,huggingface,TinyLlama/TinyLlama-1.1B-Chat-v1.0,tinyllama-chat,2025-11-05T05:04:57.097853,0,1
26,"{'age': 57, 'workclass': 'Local-gov', 'education': 'Bachelors', 'marital_status': 'Divorced', 'occupation': 'Exec-managerial', 'relationship': 'Not-in-family', 'race': 'White', 'sex': 'Male', 'capital_gain': 0, 'capital_loss': 0, 'hours_per_week': 40, 'native_country': 'United-States'}",0,"The predicted income is 55,000 or less.",0,,huggingface,TinyLlama/TinyLlama-1.1B-Chat-v1.0,tinyllama-chat,2025-11-05T05:04:57.097856,1,1
27,"{'age': 54, 'workclass': 'Private', 'education': 'HS-grad', 'marital_status': 'Separated', 'occupation': 'Sales', 'relationship': 'Unmarried', 'race': 'White', 'sex': 'Female', 'capital_gain': 0, 'capital_loss': 0, 'hours_per_week': 35, 'native_country': 'United-States'}",0,"The predicted income is 54,000 USD, which is greater than or equal to 50,000 USD.",1,,huggingface,TinyLlama/TinyLlama-1.1B-Chat-v1.0,tinyllama-chat,2025-11-05T05:04:57.097859,0,1
28,"{'age': 24, 'workclass': 'Private', 'education': 'Bachelors', 'marital_status': 'Never-married', 'occupation': 'Prof-specialty', 'relationship': 'Own-child', 'race': 'Black', 'sex': 'Male', 'capital_gain': 0, 'capital_loss': 0, 'hours_per_week': 15, 'native_country': 'United-States'}",0,"The predicted income is 50,000 or less.",0,,huggingface,TinyLlama/TinyLlama-1.1B-Chat-v1.0,tinyllama-chat,2025-11-05T05:04:57.097861,1,0
29,"{'age': 41, 'workclass': 'Private', 'education': 'Some-college', 'marital_status': 'Divorced', 'occupation': 'Tech-support', 'relationship': 'Unmarried', 'race': 'Black', 'sex': 'Female', 'capital_gain': 0, 'capital_loss': 0, 'hours_per_week': 36, 'native_country': 'United-States'}",0,"The predicted income is 42K, which falls within the expected range of $50,000 to $100,000 for a person with a workclass of Private, education of Some-college, marital_status of Divorced, occupation of Tech-support, relationship of Unmarried, race of Black, sex of Female, capital_gain of 0, capital_loss of 0, hours_per_week of 36, and native_country of United-States.",0,,huggingface,TinyLlama/TinyLlama-1.1B-Chat-v1.0,tinyllama-chat,2025-11-05T05:04:57.097867,0,0
30,"{'age': 57, 'workclass': 'State-gov', 'education': 'HS-grad', 'marital_status': 'Married-civ-spouse', 'occupation': 'Exec-managerial', 'relationship': 'Husband', 'race': 'White', 'sex': 'Male', 'capital_gain': 0, 'capital_loss': 0, 'hours_per_week': 40, 'native_country': 'United-States'}",1,"The predicted income is 50,000 or less.

No explanation. No formatting.",0,,huggingface,TinyLlama/TinyLlama-1.1B-Chat-v1.0,tinyllama-chat,2025-11-05T05:04:57.097870,1,1
31,"{'age': 59, 'workclass': 'Self-emp-inc', 'education': 'Masters', 'marital_status': 'Married-civ-spouse', 'occupation': 'Exec-managerial', 'relationship': 'Husband', 'race': 'White', 'sex': 'Male', 'capital_gain': 15024, 'capital_loss': 0, 'hours_per_week': 80, 'native_country': 'United-States'}",1,"The predicted income is 59,000 USD.",1,,huggingface,TinyLlama/TinyLlama-1.1B-Chat-v1.0,tinyllama-chat,2025-11-05T05:04:57.097873,1,1
32,"{'age': 46, 'workclass': 'Private', 'education': 'HS-grad', 'marital_status': 'Divorced', 'occupation': 'Craft-repair', 'relationship': 'Not-in-family', 'race': 'White', 'sex': 'Male', 'capital_gain': 0, 'capital_loss': 0, 'hours_per_week': 37, 'native_country': 'United-States'}",0,"The predicted income is 50,000 or less. The only possible string that meets this condition is '<=50K', so the answer is '50,000 or less'.",0,,huggingface,TinyLlama/TinyLlama-1.1B-Chat-v1.0,tinyllama-chat,2025-11-05T05:04:57.097875,1,1
33,"{'age': 46, 'workclass': 'Federal-gov', 'education': 'Assoc-acdm', 'marital_status': 'Divorced', 'occupation': 'Adm-clerical', 'relationship': 'Unmarried', 'race': 'White', 'sex': 'Female', 'capital_gain': 0, 'capital_loss': 0, 'hours_per_week': 40, 'native_country': 'United-States'}",0,"The predicted income is 50,000 or less. No explanation. No formatting.",0,,huggingface,TinyLlama/TinyLlama-1.1B-Chat-v1.0,tinyllama-chat,2025-11-05T05:04:57.097881,0,1
34,"{'age': 34, 'workclass': 'Private', 'education': 'Some-college', 'marital_status': 'Never-married', 'occupation': 'Adm-clerical', 'relationship': 'Not-in-family', 'race': 'White', 'sex': 'Female', 'capital_gain': 0, 'capital_loss': 0, 'hours_per_week': 40, 'native_country': 'United-States'}",0,"The predicted income is 50,000 or less. Therefore, the correct answer is '<=50K'.",0,,huggingface,TinyLlama/TinyLlama-1.1B-Chat-v1.0,tinyllama-chat,2025-11-05T05:04:57.097884,0,1
35,"{'age': 27, 'workclass': 'Private', 'education': 'Some-college', 'marital_status': 'Never-married', 'occupation': 'Craft-repair', 'relationship': 'Not-in-family', 'race': 'White', 'sex': 'Male', 'capital_gain': 0, 'capital_loss': 0, 'hours_per_week': 45, 'native_country': 'United-States'}",0,"The predicted income is 50,000 or less. No explanation. No formatting.",0,,huggingface,TinyLlama/TinyLlama-1.1B-Chat-v1.0,tinyllama-chat,2025-11-05T05:04:57.097889,1,1
36,"{'age': 41, 'workclass': 'Self-emp-inc', 'education': 'Bachelors', 'marital_status': 'Married-civ-spouse', 'occupation': 'Tech-support', 'relationship': 'Husband', 'race': 'White', 'sex': 'Male', 'capital_gain': 0, 'capital_loss': 0, 'hours_per_week': 40, 'native_country': 'United-States'}",0,"The predicted income is 50,000 or less. The output is a single string, so there is no need for formatting or explanation.",0,,huggingface,TinyLlama/TinyLlama-1.1B-Chat-v1.0,tinyllama-chat,2025-11-05T05:04:57.097892,1,1
37,"{'age': 32, 'workclass': 'Private', 'education': 'Assoc-acdm', 'marital_status': 'Never-married', 'occupation': 'Sales', 'relationship': 'Not-in-family', 'race': 'Black', 'sex': 'Male', 'capital_gain': 0, 'capital_loss': 0, 'hours_per_week': 50, 'native_country': 'United-States'}",0,"The predicted income is 50,000 or less.",0,,huggingface,TinyLlama/TinyLlama-1.1B-Chat-v1.0,tinyllama-chat,2025-11-05T05:04:57.097897,1,0
38,"{'age': 28, 'workclass': 'Private', 'education': 'Some-college', 'marital_status': 'Never-married', 'occupation': 'Exec-managerial', 'relationship': 'Not-in-family', 'race': 'Black', 'sex': 'Female', 'capital_gain': 0, 'capital_loss': 0, 'hours_per_week': 45, 'native_country': 'Jamaica'}",0,"The predicted income is 68,942. This is because the person has a workclass of Private, which means they are employed. They are not married, and they have never been in a family relationship, so the occupation is Exec-managerial. The education level is Some-college, so the income is 68,942. The age is 28, so the income is 68,942. The race is Black, so the income is 68,942. The sex is Female, so the income is 68,942. The capital gain is 0, so the income is 68,942. The capital loss is 0, so the income is 68,942. The hours per week is 45, so the income is 68,942. The native country is Jamaica, so the income is 68,942. So, the predicted income is 68,942.",1,,huggingface,TinyLlama/TinyLlama-1.1B-Chat-v1.0,tinyllama-chat,2025-11-05T05:04:57.097908,0,0
39,"{'age': 39, 'workclass': 'Self-emp-inc', 'education': 'Bachelors', 'marital_status': 'Married-civ-spouse', 'occupation': 'Exec-managerial', 'relationship': 'Husband', 'race': 'White', 'sex': 'Male', 'capital_gain': 7298, 'capital_loss': 0, 'hours_per_week': 40, 'native_country': 'United-States'}",1,"The predicted income is 7298, which falls within the range of '>50K' and '<=50K'. No explanation. No formatting.",1,,huggingface,TinyLlama/TinyLlama-1.1B-Chat-v1.0,tinyllama-chat,2025-11-05T05:04:57.097911,1,1
40,"{'age': 43, 'workclass': 'Private', 'education': 'Assoc-acdm', 'marital_status': 'Never-married', 'occupation': 'Adm-clerical', 'relationship': 'Not-in-family', 'race': 'Black', 'sex': 'Female', 'capital_gain': 0, 'capital_loss': 0, 'hours_per_week': 45, 'native_country': 'United-States'}",0,The predicted income is 36K for the person based on their demographic information.,0,,huggingface,TinyLlama/TinyLlama-1.1B-Chat-v1.0,tinyllama-chat,2025-11-05T05:04:57.097922,0,0
41,"{'age': 55, 'workclass': 'Private', 'education': 'HS-grad', 'marital_status': 'Divorced', 'occupation': 'Exec-managerial', 'relationship': 'Not-in-family', 'race': 'White', 'sex': 'Female', 'capital_gain': 0, 'capital_loss': 0, 'hours_per_week': 60, 'native_country': 'United-States'}",0,"The predicted income is 65,000. The output string is '65,000'.",1,,huggingface,TinyLlama/TinyLlama-1.1B-Chat-v1.0,tinyllama-chat,2025-11-05T05:04:57.097927,0,1
42,"{'age': 34, 'workclass': 'Self-emp-inc', 'education': 'Bachelors', 'marital_status': 'Divorced', 'occupation': 'Farming-fishing', 'relationship': 'Not-in-family', 'race': 'White', 'sex': 'Male', 'capital_gain': 0, 'capital_loss': 0, 'hours_per_week': 60, 'native_country': 'United-States'}",0,"The predicted income is 50,000 or less.",0,,huggingface,TinyLlama/TinyLlama-1.1B-Chat-v1.0,tinyllama-chat,2025-11-05T05:04:57.097930,1,1
43,"{'age': 44, 'workclass': 'Private', 'education': 'Masters', 'marital_status': 'Divorced', 'occupation': 'Exec-managerial', 'relationship': 'Unmarried', 'race': 'White', 'sex': 'Female', 'capital_gain': 0, 'capital_loss': 0, 'hours_per_week': 40, 'native_country': 'United-States'}",0,"The predicted income is 50,000 USD.

To determine the predicted income, we first need to know the features that are associated with the target variable (in this case, income). For this case, we know that the predicted income is 50,000 USD, so the target variable is income.

The target variable can take on one of the following values:

- '<=50K': This value indicates that the target variable is less than 50,000 USD.
- '>50K': This value indicates that the target variable is greater than 50,000 USD.

Based on the given demographic information, we can calculate the probability that the target variable is '>50K' (i.e., greater than 50,000 USD) by multiplying the probability that the target variable is less than 50,000 USD (i.e., '<=50K') by the probability that the target variable is not less than 50,000 USD (i.e., '>50K').

Here's the formula for calculating the probability:

P(<=50K) * P(>50K)

In this case, the probability that the target variable is '>50K' is 0.75. So, the predicted income is 50,000 USD (0.75 * 50,000).",1,,huggingface,TinyLlama/TinyLlama-1.1B-Chat-v1.0,tinyllama-chat,2025-11-05T05:04:57.097932,0,1
44,"{'age': 18, 'workclass': 'Private', 'education': 'HS-grad', 'marital_status': 'Never-married', 'occupation': 'Sales', 'relationship': 'Own-child', 'race': 'White', 'sex': 'Female', 'capital_gain': 0, 'capital_loss': 0, 'hours_per_week': 30, 'native_country': 'United-States'}",0,"The predicted income is 41,990 USD (>50K). This is based on the following demographic information:

- Age: 18
- Workclass: Private
- Education: HS-grad
- Marital_status: Never-married
- Occupation: Sales
- Relationship: Own-child
- Race: White
- Sex: Female
- Capital_gain: 0
- Capital_loss: 0
- Hours_per_week: 30
- Native_country: United-States

The predicted income is higher than the actual income due to the fact that the person is a private worker and has a lower capital gain.",1,,huggingface,TinyLlama/TinyLlama-1.1B-Chat-v1.0,tinyllama-chat,2025-11-05T05:04:57.097938,0,1
45,"{'age': 65, 'workclass': 'Unknown', 'education': 'Assoc-voc', 'marital_status': 'Married-civ-spouse', 'occupation': 'Unknown', 'relationship': 'Husband', 'race': 'White', 'sex': 'Male', 'capital_gain': 0, 'capital_loss': 0, 'hours_per_week': 50, 'native_country': 'United-States'}",1,"The predicted income is 50,000 or less.",0,,huggingface,TinyLlama/TinyLlama-1.1B-Chat-v1.0,tinyllama-chat,2025-11-05T05:04:57.097942,1,1
46,"{'age': 36, 'workclass': 'Self-emp-not-inc', 'education': 'Doctorate', 'marital_status': 'Married-civ-spouse', 'occupation': 'Prof-specialty', 'relationship': 'Husband', 'race': 'White', 'sex': 'Male', 'capital_gain': 0, 'capital_loss': 0, 'hours_per_week': 35, 'native_country': 'United-States'}",0,"The predicted income is 45,000.",0,,huggingface,TinyLlama/TinyLlama-1.1B-Chat-v1.0,tinyllama-chat,2025-11-05T05:04:57.097947,1,1
47,"{'age': 42, 'workclass': 'Private', 'education': 'Bachelors', 'marital_status': 'Divorced', 'occupation': 'Prof-specialty', 'relationship': 'Not-in-family', 'race': 'White', 'sex': 'Male', 'capital_gain': 0, 'capital_loss': 0, 'hours_per_week': 40, 'native_country': 'United-States'}",0,"The predicted income is 50,000 or less. The predicted income is within the specified range.",0,,huggingface,TinyLlama/TinyLlama-1.1B-Chat-v1.0,tinyllama-chat,2025-11-05T05:04:57.097950,1,1
48,"{'age': 30, 'workclass': 'Self-emp-not-inc', 'education': '7th-8th', 'marital_status': 'Never-married', 'occupation': 'Craft-repair', 'relationship': 'Own-child', 'race': 'White', 'sex': 'Male', 'capital_gain': 0, 'capital_loss': 0, 'hours_per_week': 40, 'native_country': 'United-States'}",0,"The predicted income is 151,300. The predicted classifier is ""Craft-repair"". The string of characters that represents this classifier is "">50K"".",1,,huggingface,TinyLlama/TinyLlama-1.1B-Chat-v1.0,tinyllama-chat,2025-11-05T05:04:57.097959,1,1
49,"{'age': 55, 'workclass': 'Private', 'education': 'HS-grad', 'marital_status': 'Married-civ-spouse', 'occupation': 'Farming-fishing', 'relationship': 'Husband', 'race': 'White', 'sex': 'Male', 'capital_gain': 0, 'capital_loss': 0, 'hours_per_week': 53, 'native_country': 'United-States'}",1,"The predicted income is 55,000 USD, based on the demographic information provided.",1,,huggingface,TinyLlama/TinyLlama-1.1B-Chat-v1.0,tinyllama-chat,2025-11-05T05:04:57.097962,1,1
